chart_week,rank,song_id,artist_id,is_new,weeks,peak_pos,title,artist
2013-12-13,1,2vwlzO0Qp8kfEtzTsCXfyE,5YGY8feqx7naU7z4HrwZM6,False,15,1,Wrecking Ball,Miley Cyrus
2013-12-13,2,48RrDBpOSSl1aLVCalGl5C,7dGJo4pcD2V6oG8kP0tJRR,False,5,2,The Monster,Eminem Featuring Rihanna
2013-12-13,3,2dLLR6qlu5UJ5gk0dKz0h3,163tK9Wjr9P9DmM0AVK7lm,False,22,1,Royals,Lorde
2013-12-13,4,3cHyrEgdyYRjgJKSOiOtcS,0TnOYISbd1XYRBk9myaseg,False,8,4,Timber,Pitbull Featuring Ke$ha
2013-12-13,5,2tpWsVSb9UEmDRxAl1zhX1,5Pwc4xIPtQLFEnJriah9YJ,False,24,4,Counting Stars,OneRepublic
2013-12-13,6,0nrRP2bk19rLc0orkWPQk2,1vCWHaC5f2uS3yhpwWbIA6,False,23,4,Wake Me Up!,Avicii
2013-12-13,7,3LlAyCYU26dvFZBDUIMb7a,53XhwfbYqKCa1cC15pYq2q,False,32,6,Demons,Imagine Dragons
2013-12-13,8,4nVBt6MZDDP6tRVdQTgxJg,4AK6F7OLvEQ5QYCBNiQWHq,False,5,6,Story Of My Life,One Direction
2013-12-13,9,27tNWlhdAryQY04Gb2ZhUI,6jJ0s89eD6GaHleKKya26X,False,17,1,Roar,Katy Perry
2013-12-13,10,6Vc5wAMmXdKIAM7WUoEb7N,5xKp3UyavIBUsGy3DQdXeF,False,4,10,Say Something,A Great Big World & Christina Aguilera
2013-12-13,11,2aSC2xhRxOLiiZZVjhbylH,3TVXtAsR1Inumwj472S9r4,False,17,4,"Hold On, We're Going Home",Drake Featuring Majid Jordan
2013-12-13,12,3sNVsP50132BTNlImLx70i,5K4W6rqBFWDnAN6FQUkS6x,False,2,12,Bound 2,Kanye West
2013-12-13,13,1KxwZYyzWNyZSRyErj2ojT,0gadJ2b9A4SKsB1RFkBb66,False,18,10,Let Her Go,Passenger
2013-12-13,14,5ka2ajep9OAvU5Sgduhiex,1HY2Jd0NmPuamShAr6KMms,False,16,4,Applause,Lady Gaga
2013-12-13,15,009ImBOrIUlWgla8U05RAC,6jJ0s89eD6GaHleKKya26X,False,6,15,Unconditionally,Katy Perry
2013-12-13,16,20FZrLl9zSbO9b3DhaqO6M,0NWbwDZY1VkRqFafuQm6wk,False,11,11,23,"Mike Will Made-It Featuring Miley Cyrus, Wiz Khalifa & Juicy J"
2013-12-13,17,5XKXMWPACPq51OiqzxenZo,1HY2Jd0NmPuamShAr6KMms,False,6,13,Do What U Want,Lady Gaga Featuring R. Kelly
2013-12-13,18,2QjOHCTQ1Jl3zawyYOpxh6,77SW9BnxLY8rJ0RciFqkHh,False,25,17,Sweater Weather,The Neighbourhood
2013-12-13,19,2QtJA4gbwe1AcanB2p21aP,2qxJFvFYMEDqd7ui6kSAcq,False,11,19,Stay The Night,Zedd Featuring Hayley Williams
2013-12-13,20,37jTPJgwCCmIGMPB45jrPV,3nFkdlSjzX9mRTtwJOzDYB,False,21,4,Holy Grail,Jay Z Featuring Justin Timberlake
2013-12-13,21,5lF0pHbsJ0QqyIrLweHJPW,0X2BH1fck6amBIoJhDVmmJ,False,13,21,Burn,Ellie Goulding
2013-12-13,22,1o1Pny4JcE3LdUBeBedbm6,5BcAKTbp20cv7tC5VqPFoC,False,11,22,White Walls,Macklemore & Ryan Lewis Featuring ScHoolboy Q & Hollis
2013-12-13,23,5G47DlluL671zo0k3OhoSm,0A0FS04o6zMoto8OKPsDwY,False,9,19,My Hitta,YG Featuring Jeezy & Rich Homie Quan
2013-12-13,24,0n4bITAu0Y0nigrz3MFJMb,0ZrpamOxcZybMHGg1AYtHP,False,33,1,Blurred Lines,Robin Thicke Featuring T.I. + Pharrell
2013-12-13,25,4G8gkOterJn0Ywt6uhqbhp,53XhwfbYqKCa1cC15pYq2q,False,66,3,Radioactive,Imagine Dragons
2013-12-13,26,6Uy6K3KdmUdAfelUp0SeXn,2Sqr0DXoaYABbjBo9HaMkM,False,25,26,Brave,Sara Bareilles
2013-12-13,27,2OsEJFTfzfjG4oC92cuP2c,0C8ZW7ezQVs4URX5aX7Kqx,False,17,27,Slow Down,Selena Gomez
2013-12-13,28,2MDueMvPkUTpU6Xkmeinln,7bXgB6jMjp9ATFy66eO08Z,False,19,23,Love More,Chris Brown Featuring Nicki Minaj
2013-12-13,29,3ogtSrlbtiTamktbA0hw0E,07YZf4WDAMNwqr4jfgOZ8y,False,9,29,Marry Me,Jason Derulo
2013-12-13,30,3grPZ1iQg2tEdh0ZCh3HTt,3b8QkneNDz4JHKKKlLgYZg,False,7,30,Stay,Florida Georgia Line
2013-12-13,31,,,False,12,26,We Were Us,Keith Urban And Miranda Lambert
2013-12-13,32,7ueP5u2qkdZbIPN2YA6LR0,4njdEjTnLfcGImKZu1iSrz,False,65,17,Sail,AWOLNATION
2013-12-13,33,5JVbvCHX10U2pLa5DEqGav,4gwpcMTbLWtBUlOijbVpuu,False,31,8,Safe And Sound,Capital Cities
2013-12-13,34,2xRYnHQdLD9ketvC01UYYT,6If57j6e3TXXk0HiLcIZca,False,9,34,It Won't Stop,Sevyn Streeter Featuring Chris Brown
2013-12-13,35,5HGibWoxnkYSkl6mHmAlOE,0BvkDsjIUla7X0k6CSWh1I,False,16,15,That's My Kind Of Night,Luke Bryan
2013-12-13,36,5mIqtDBiw3rqMxsJc4UVM6,31TPClRtHm23RisEBtV3X7,False,11,36,TKO,Justin Timberlake
2013-12-13,37,4jbmgIyjGoXjY01XxatOx6,6jJ0s89eD6GaHleKKya26X,False,11,17,Dark Horse,Katy Perry Featuring Juicy J
2013-12-13,38,3gbBpTdY8lnQwqxNCcf795,7EQ0qTo7fWT7DPxmxtSYEc,False,16,38,Pompeii,Bastille
2013-12-13,39,1aCDtDGqZmOzrzi62DBqGI,4aJTB79uwT4sP0Nb8QGWHc,False,14,39,Sunny And 75,Joe Nichols
2013-12-13,40,7y911sqgHGHcyU4ivapjwi,3TVXtAsR1Inumwj472S9r4,False,10,20,All Me,Drake Featuring 2 Chainz & Big Sean
2013-12-13,41,6PUIzlqotEmPuBfjbwYWOB,00FQb4jTyendYWaN8pK0wa,False,21,6,Summertime Sadness,Lana Del Rey vs. Cedric Gervais
2013-12-13,42,1UMKquW1olreYO1LlLmTqi,6d47Z08T4snK50HgTEHo5Z,False,19,29,Gas Pedal,Sage The Gemini Featuring IamSu!
2013-12-13,43,5T7ZFtCcOgkpjxcuaeZbw0,4AK6F7OLvEQ5QYCBNiQWHq,False,18,2,Best Song Ever,One Direction
2013-12-13,44,4hnK8P3v7kE7T4PMBYwRhu,6eKWqnckwdIlSnjaYgIyxv,False,13,44,Drunk Last Night,Eli Young Band
2013-12-13,45,2y4lAQpi5VTNLu2ldeTdUH,5YGY8feqx7naU7z4HrwZM6,False,26,2,We Can't Stop,Miley Cyrus
2013-12-13,46,4lWhQ9LG9RYg5fcJ4sRf1u,4TshyQDihSYXSWqvclXl3I,False,11,46,Carolina,Parmalee
2013-12-13,47,18ws4dUbhpoGB7Uv7U89yp,1uNFoZAHBGtllmzznpCI3s,True,1,47,Roller Coaster,Justin Bieber
2013-12-13,48,6or1bKJiZ06IlK0vFvY75k,7dGJo4pcD2V6oG8kP0tJRR,False,7,7,Rap God,Eminem
2013-12-13,49,1PoGWZbJPGmViVi7CYbDUK,0BvkDsjIUla7X0k6CSWh1I,False,4,49,Drink A Beer,Luke Bryan
2013-12-13,50,4rHZZAmHpZrA3iH5zx8frV,31TPClRtHm23RisEBtV3X7,False,42,2,Mirrors,Justin Timberlake
2013-12-13,51,4OAuvHryIVv4kMDNSLuPt6,06HL4z0CvFAxyc27GXpf02,False,22,6,Red,Taylor Swift
2013-12-13,52,4PJXT82AZtlDW4Q71b43oz,4DZGvSv2oMkBUnPz67E6z6,False,9,52,Whatever She's Got,David Nail
2013-12-13,53,1zvQt99d5oTkEQLmSoO1yu,1UTPBmNbXNTittyMJrNkvw,False,18,28,Mine Would Be You,Blake Shelton
2013-12-13,54,25zXRQGuwYZdIp88fVZOPC,7ahuvq1mbb4idwG1iJbSFG,False,13,37,Wasting All These Tears,Cassadee Pope
2013-12-13,55,4q6dqyGM25sKFU8nYAGRe4,6KZDXtSj0SzGOV705nNeh3,False,4,55,Show Me,Kid Ink Featuring Chris Brown
2013-12-13,56,4IeUAegXVbETb7FpgNDnSM,19Fi1Rj7kk8kyiwxpXy3yM,False,13,48,I Luv This Sh*t,August Alsina Featuring Trinidad James
2013-12-13,57,3G6hD9B2ZHOsgf4WfNu7X1,163tK9Wjr9P9DmM0AVK7lm,False,10,57,Team,Lorde
2013-12-13,58,0Utg7sirTPqrs6Cx0FbriQ,1mfDfLsMxYcOOZkzBxvSVW,False,7,58,Chillin' It,Cole Swindell
2013-12-13,59,7jRdxVZeBAtLXL8ZpBMR2q,6yJCxee7QumYr820xdIsjo,False,7,59,Sweet Annie,Zac Brown Band
2013-12-13,60,5HOpkTTVcmZHnthgyxrIL8,2lEOFtf3cCyzomQcMHJGfZ,False,13,6,The Fox,Ylvis
2013-12-13,61,1vjx9wZEyhhM1VRmIoDiRk,75FnCoo4FBxH5K1Rrx0k5A,False,7,61,Don't Let Me Be Lonely,The Band Perry
2013-12-13,62,6Xk7PnitV9jCRorWt2LiVZ,7dGJo4pcD2V6oG8kP0tJRR,False,14,3,Berzerk,Eminem
2013-12-13,63,0A9mHc7oYUoCECqByV8cQR,60d24wfXkVzDSfLS6hyCjZ,False,11,63,Animals,Martin Garrix
2013-12-13,64,7uT7mlYS0R3Ujk5UB5ll0O,6S2OmqARrzebs0tKUEyXyp,True,1,64,Let It Go,Demi Lovato
2013-12-13,65,2ubncjpv82GY5uES29L5ik,32WkQRZEVKSzVAAYqukAEA,False,4,65,Compass,Lady Antebellum
2013-12-13,66,0uMur9BAwuzsShojxBi6ag,7FY5V3XMwlNBPitEjXowHQ,False,7,66,Radio,Darius Rucker
2013-12-13,67,6bxUnsSGZCmoHHU5auwtps,0c173mlxpT3dSFRgMO8XPh,False,19,38,Beware,Big Sean Featuring Lil Wayne & Jhene Aiko
2013-12-13,68,66rVt7PbwyKlu6CK6rxyAi,4TONBKcqVR1LmPdfJxvkMU,False,7,68,Friday Night,Eric Paslay
2013-12-13,69,1KIQ0RscHwxXPJUvhuO5Bl,6d47Z08T4snK50HgTEHo5Z,False,20,52,Red Nose,Sage The Gemini
2013-12-13,70,7d1CFwrBmH34gmS0Hkbfbt,6sCbFbEjbYepqswM1vWjjs,False,15,61,Replay,Zendaya
2013-12-13,71,5ik5nMy8vdS2rXe7SAGt2K,1RyvyyTE3xzB2ZywiAwp0i,False,12,55,Honest,Future
2013-12-13,72,3U4isOIWM3VvDubwSI3y7a,5y2Xq6xcjJb2jVM54GHK3t,False,8,66,All Of Me,John Legend
2013-12-13,73,2LvRR121MWFmmEGkuV2vQP,5ndkK3dpZLKtBklKjxNQwT,False,25,64,HeadBand,B.o.B Featuring 2 Chainz
2013-12-13,74,0aUWfpD3PlSv3FTTKcT2rN,5pKCCKE2ajJHZ9KAiaK11H,False,6,25,What Now,Rihanna
2013-12-13,75,,,True,1,75,This Is How We Roll,Florida Georgia Line Ft. Jason Derulo & Luke Bryan
2013-12-13,76,29AR5X5yKPd4DBIAiqUMDy,6roFdX1y5BYSbp60OTJWMd,False,19,42,Southern Girl,Tim McGraw
2013-12-13,77,0spRhrdp5a0qHBzcYwtFIX,7H6dkUChT5EoOQtUVMg4cN,False,4,77,Everybody's Got Somebody But Me,Hunter Hayes Featuring Jason Mraz
2013-12-13,78,3N5oiETJEStSB71TjTFkWV,5gCRApTajqwbnHHPbr2Fpi,False,14,74,Bounce It,Juicy J Featuring Wale & Trey Songz
2013-12-13,79,6nu35hLc8zsA9bwBpcuf5L,5lHRUCqkQZCIWeX7xG4sYT,False,20,50,Type Of Way,Rich Homie Quan
2013-12-13,80,3KliPMvk1EvFZu9cvkj8p1,26dSoYclwsYLMAKD3tpOr4,False,11,12,Work B**ch!,Britney Spears
2013-12-13,81,5Hroj5K7vLpIG4FNCRIjbP,0MlOPi3zIDMVrfA9R04Fe3,False,3,81,Best Day Of My Life,American Authors
2013-12-13,82,2ih2U8ttFzCjnQ5njF3SrR,0du5cEVh5yTK9QJze8zA0C,False,14,22,Gorilla,Bruno Mars
2013-12-13,83,5qAmr6fmWk22YY3fS2B85c,2kM1LxD0AhAE5GULSYRQSa,True,1,83,At Last,Will Champlin
2013-12-13,84,3IQgeOgdHIag6mu0mgKRgQ,3TVXtAsR1Inumwj472S9r4,False,6,51,The Language,Drake
2013-12-13,85,5VSCgNlSmTV2Yq5lB40Eaw,34v5MVKeQnIo0CWYMbbrPf,False,2,85,Love Me Again,John Newman
2013-12-13,86,47rzxY9wSpomHE1gT94jIT,66CXWjxzNUsdJxJ2JdwvnR,False,6,84,Right There,Ariana Grande Featuring Big Sean
2013-12-13,87,5ETe7SElBIgm2NAZY3SpX4,1n2pb9Tsfe4SwAjmUac6YT,False,8,83,Days Of Gold,Jake Owen
2013-12-13,88,3stOygN0I7CIvkEB2LJGbv,7dGJo4pcD2V6oG8kP0tJRR,False,8,16,Survival,Eminem
2013-12-13,89,0qcr5FMsEO85NAQjrlDRKo,73Np75Wv2tju61Eo9Zw4IR,True,1,89,Let It Go,Idina Menzel
2013-12-13,90,1VN6TvmHTIWvLzBAOmre6P,2IvkS5MXK0vPGnwyJsrEyV,False,6,51,The Outsiders,Eric Church
2013-12-13,91,6qewYf1Su9xeaAp9iEQpUw,4MoAOfV4ROWofLG3a3hhBN,False,3,91,Up All Night,Jon Pardi
2013-12-13,92,53Dj5PCDhb22qWqmre3YQs,4BYxqVkZyFjtik7crYLg5Q,False,20,45,Aw Naw,Chris Young
2013-12-13,93,7bQKR4QQCIlX0RoHlaKiIn,3FfvYsEGaIb52QPXhg4DcH,True,1,93,When She Says Baby,Jason Aldean
2013-12-13,94,4AU7z13HYmPMetlWbq1mys,5P5FTygHyx2G57oszR3Wot,False,4,70,Waiting For Superman,Daughtry
2013-12-13,95,7DYA1TXy84mQjzx2ZjGent,7qG3b048QCHVRO5Pv1T5lw,True,1,95,Heart Attack,Enrique Iglesias
2013-12-13,96,5MsZIaCYY6Tsdph0LiB0hE,4UXqAaa6dQYAk18Lv7PEgX,True,1,96,Alone Together,Fall Out Boy
2013-12-13,97,5FgLLtrDU4Ex2ezB9anpH5,5iqStkZi6QmG8sgQZQrfGN,False,2,58,The Heart Of Dixie,Danielle Bradbery
2013-12-13,98,4NVNapccSX7E5JLiW0uQEy,3TVXtAsR1Inumwj472S9r4,False,8,65,Pound Cake / Paris Morton Music 2,Drake Featuring Jay-Z
2013-12-13,99,6lbhWl34Il0WXm5pX1fM9E,3aQeKQSyrW4qWr35idm0cy,False,2,95,Up Down (Do This All Day),T-Pain Featuring B.o.B
2013-12-13,100,0zO8ctW0UiuOefR87OeJOZ,5IcR3N7QB1j6KBL8eImZ8m,False,6,92,Collard Greens,ScHoolboy Q Featuring Kendrick Lamar
